<?xml version="1.0" encoding="UTF-8"?>
<templates xml:space="preserve">

    <t t-name="chatroom.MessageMetadata" owl="1">
        <div class="o_MessageMetadata" t-on-click="openExternalLink">
            <div class="acrux_metadata_media">
                <img t-if="data?.media?.url and data?.media?.type === 'image'" 
                    t-att-src="data?.media?.url" alt="Url privew" />
                <img t-if="data?.media?.url and data?.media?.type === 'video'" 
                    t-att-src="data?.media?.url" alt="Url privew" />
                <div class="play-button" t-if="data?.media?.url and data?.media?.type === 'video'" />
            </div>
            <div class="acrux_metadata_content">
                <div class="acrux_metadata_title" t-att-title="data.title">
                    <span t-out="data.title" />
                </div>
                <div class="acrux_metadata_body">
                    <span t-att-title="data.body" t-esc="data.body" />
                </div>
                <div class="acrux_metadata_url">
                    <span t-out="data.url" />
                </div>
            </div>
        </div>
    </t>
    
</templates>